name	maxdiscount
Admunaquax Holdings 	0.11
Klisapeficator International Company	0.00
Rehupadar Direct 	0.68
Ciptinicator Holdings 	0.02
Emtinicator WorldWide 	0.16
Upnipommower International 	0.53
Grocadollan International 	0.30
Winglibplazz International Corp.	0.57
Surwerpower WorldWide Group	0.77
Qwihupor Direct Group	0.38
Truglibazz Direct 	0.56
Tupwerpin WorldWide 	0.06
Upwerefower International 	0.44
Incadex  	0.73
Zeejubex WorldWide 	0.19
Surdimazz Holdings 	0.45
Thruvenommazz  Group	0.36
Partinax Direct Company	0.25
Rapjubover Holdings 	0.35
Zeemunilover Holdings Group	0.41
Tiphupex Direct 	0.51
Monpickex  Group	0.70
Uptanover Holdings Company	0.80
Klirobentor  	0.73
Thrusipupistor Direct 	0.78
Tupkilplower Direct 	0.55
Thrucadantor WorldWide 	0.50
Varkilantor International 	0.60
Rerobazz  	0.58
Surzapax  	0.86
Grorobewistor Holdings 	0.48
Rapweror  	0.88
Thrupebonor  	0.37
Dopkilamantor  Corp.	0.42
Remunegan Holdings 	0.48
Winsapicator International 	0.78
Parpebefex  	0.66
Monpickedgazz International 	0.69
Surdimicator  	0.66
Dopnipicar  	0.81
Endglibupentor Holdings Group	0.41
Endsipazz  Corp.	0.00
Endbanimex International Corp.	0.22
Hapcadax Holdings Inc	0.01
Qwiwerpantor Holdings Company	0.68
Hapkilantor  	0.31
Tipwerimentor Holdings 	0.29
Suprobefax WorldWide Company	0.71
Grotinackover WorldWide 	0.63
Lomquestadan International 	0.32
Klikilar Holdings 	0.59
Supfropicicator Direct Corp.	0.65
Emnipentor Holdings 	0.79
Varbanonicator  	0.18
Untumicator WorldWide Corp.	0.83
Vartanazz International 	0.40
Varerax Holdings Corp.	0.19
Truhupor Direct 	0.33
Surerommazz International Company	0.24
Suptumepor Holdings 	0.61
Thrujubepazz International Company	0.02
Varjubower  Corp.	0.36
Dopjubupicator  	0.07
Inrobentor WorldWide 	0.83
Uptumicator WorldWide 	0.90
Grosipover Direct 	0.67
Zeeerinar Direct 	0.68
Qwivenover Holdings Corp.	0.01
Truzapazz Direct 	0.25
Winglibower  Company	0.15
Parquestower  	0.78
Remunedicator  	0.66
Untumepantor  	0.58
Cipsipover Direct Inc	0.54
Upweror WorldWide Corp.	0.55
Inrobin International 	0.50
Winquestedgazz  Inc	0.48
Indudedgan Holdings 	0.79
Haprobex  Group	0.79
Dopkilaquazz  Group	0.47
Tuperar Direct 	0.26
Inwerpanistor Holdings 	0.79
Lomglibower Holdings 	0.30
Grojubax  Inc	0.26
Windimax WorldWide Corp.	0.34
Rapjubepower WorldWide 	0.82
Redudefazz International Corp.	0.08
Barmunar WorldWide 	0.19
Thrutinegin Direct 	0.45
Parwerentor International 	0.08
Zeenipentor  	0.58
Parpickommax  Group	0.71
Supquestar Holdings Corp.	0.45
Dopsipentor Direct Corp.	0.05
Tupericator International 	0.78
Supzapollex  	0.05
Empickopentor Holdings 	0.02
Cippebollower WorldWide 	0.38
Winpickopantor WorldWide 	0.11
Lomwerpan Holdings 	0.26
Haphupazz Direct 	0.62
Frofropentor Holdings 	0.27
Tupkilor International Inc	0.46
Qwidimommazz Holdings Corp.	0.47
Tippebantor Direct Company	0.53
Tipfropaquin Holdings Company	0.24
Adbanonover  	0.07
Rewerpedan WorldWide Group	0.25
Dopveninentor Holdings 	0.62
Surwerazz International 	0.46
Groglibexan International 	0.11
Zeepickamower WorldWide Company	0.40
Parfropazz Direct 	0.15
Rapglibonazz  	0.77
Qwiweran  	0.35
Upkilex Holdings 	0.23
Endpickaquower International 	0.05
Cipsapentor International 	0.72
Dopnipaquistor  	0.49
Surmunamex WorldWide 	0.07
Varpickex  	0.58
Inpickefax  	0.49
Varcadewicator  	0.56
Dopnipan WorldWide Company	0.17
Emrobackicator  	0.56
Endjubor Holdings Corp.	0.07
Barsipegistor  Company	0.20
Emtanentor WorldWide 	0.53
Qwidimower International 	0.76
Rapdimplower  	0.50
Barbanedgex Direct 	0.48
Froroban  	0.09
Upkilex WorldWide Group	0.68
Incadan International 	0.53
Hapfropentor International Group	0.84
Refropackentor Direct Company	0.71
Trupebeficator Direct Company	0.33
Emwerpentor Direct Corp.	0.83
Unwerpilax Holdings Group	0.72
Surcadinin International 	0.40
Remunar International 	0.75
Zeevenefazz Direct 	0.83
Lomtumador WorldWide Inc	0.57
Frofropopicator Direct 	0.52
Upsapedgantor Direct 	0.15
Tuppickin  	0.18
Winpebewan WorldWide Group	0.55
Tipsapentor Holdings Corp.	0.68
Hapweristor Holdings 	0.69
Klisapefower International 	0.55
Rehupan Holdings Company	0.49
Lombanex WorldWide 	0.29
Qwijubackicator WorldWide Company	0.88
Lomdudicator International 	0.03
Lomsapimor WorldWide 	0.67
Haperax Direct 	0.13
Zeenipantor  Inc	0.70
Monnipistor  	0.29
Uprobar  	0.88
Frojubupax  Corp.	0.46
Parquestilicator WorldWide Corp.	0.72
Raperin Holdings Company	0.53
Tuppebinistor WorldWide 	0.49
Adpickegentor Holdings 	0.12
Varwerin International Corp.	0.24
Monzapupin Direct Company	0.82
Haptanegax Holdings 	0.72
Tuptumex  	0.00
Adpickover International 	0.62
Rapbanollax Holdings Corp.	0.37
Recadamentor WorldWide 	0.36
Emcadentor International 	0.89
Klifropegex  Company	0.22
Tipfropefax  	0.00
Dopsipantor International 	0.09
Emsapower WorldWide 	0.31
Barvenantor  	0.75
Endzapimistor  	0.23
Klijubar Holdings 	0.57
Winsipexar WorldWide 	0.01
Winmunepar  	0.38
Supkilistor Direct Company	0.52
Renipin  	0.52
Winbanower WorldWide Corp.	0.83
Parpebewax International 	0.20
Barpickepex International Inc	0.50
Thruquestegazz  Company	0.18
Intanimax International Company	0.20
Klisipor  	0.64
Klimunegex Holdings Inc	0.86
Superinentor International 	0.71
Thruvenor  	0.28
Rapsipefar Direct Company	0.04
Tupvenan International 	0.05
Empebupazz Direct 	0.26
Windudantor International Inc	0.67
Tiptinar  Inc	0.21
Unwerpegicator WorldWide 	0.34
Ciptumicover Holdings 	0.44
Parwerupor  Corp.	0.00
Truerefar International 	0.33
Monpickar International Corp.	0.00
Inglibor International 	0.45
Suppickor  	0.45
Lomcadar  Corp.	0.75
Ciperepazz Direct Inc	0.33
Haptanepin  	0.65
Lomtumower Holdings Corp.	0.77
Retumopicator International 	0.29
Tipsapopex WorldWide 	0.79
Qwizaponover  	0.72
Inpebepantor Direct Company	0.32
Bartinex Direct 	0.21
Cipbanover WorldWide 	0.12
Klizapupover WorldWide Company	0.27
Reeror  	0.52
Unmunilar Holdings 	0.22
Surzapar WorldWide 	0.20
Grocadan WorldWide Company	0.70
Rapvenor WorldWide Group	0.28
Varerantor Direct 	0.61
Lomkilex Holdings Inc	0.79
Cipvenistor  Group	0.61
Hapzapantor  	0.08
Unbanollentor WorldWide Group	0.76
Rerobupex  Corp.	0.21
Endtumin  	0.07
Varrobegower  Company	0.85
Frojubaman Holdings 	0.30
Thruwerpicax International Group	0.74
Unvenefor  Group	0.41
Uptanistor WorldWide Company	0.10
Klibanicator  	0.40
Monpebover WorldWide 	0.47
Varfropanax Holdings Corp.	0.57
Kliwerpedax Holdings Group	0.67
Qwiglibin Holdings 	0.14
Parkilicentor International 	0.58
Winkilinan International 	0.76
Advenex  Inc	0.49
Dopquestan WorldWide 	0.54
Lomrobopower WorldWide 	0.73
Upjubistor  Group	0.88
Tupwerower  Company	0.41
Unhupicazz International Inc	0.03
Surfropover  	0.65
Cipwerponazz Holdings 	0.50
Varquestentor Direct 	0.15
Reglibedgower  	0.76
Inmunplantor  	0.39
Rebanackower Direct 	0.31
Surwerpicator  	0.47
Dopsipegentor Direct 	0.51
Dopwerpentor Direct Corp.	0.05
Upquestin Holdings Inc	0.83
Varwerpanover  	0.20
Cipfropax  	0.71
Vartaninazz Direct Corp.	0.37
Varpebentor WorldWide 	0.16
Varpebewicator Direct 	0.54
Cipdudefower WorldWide 	0.25
Surrobin  Inc	0.80
Qwiwerover WorldWide Company	0.46
Fromunommower Holdings Group	0.55
Tuppickor  Group	0.38
Lomdimefentor Direct 	0.61
Thruweraquicator Holdings 	0.51
Tipweranor  	0.73
Frojubimicator WorldWide 	0.55
Inwerpover  	0.60
Surjubackar International 	0.60
Tupdudar Direct 	0.35
Qwiquestentor  Company	0.43
Cipsapex  	0.20
Winrobonover International 	0.73
Unpebexower  	0.88
Thrupickadicator WorldWide 	0.90
Requestor Holdings 	0.20
Lomsapan  Group	0.16
Tiphupar WorldWide Group	0.82
Qwiweror Holdings 	0.70
Haprobedgazz  	0.44
Endpebedentor Holdings 	0.08
Barpebistor WorldWide 	0.90
Tiperex  Group	0.42
Insipador Direct 	0.25
Insipollover Holdings 	0.58
Adveninentor  Inc	0.35
Frodimamax WorldWide 	0.64
Rapzapadistor Direct Group	0.36
Zeekilax  	0.84
Endpickimicator  	0.54
Hapdudower Holdings Company	0.42
Cipvenupicator  Corp.	0.22
Refropefex WorldWide Group	0.24
Monsapan International Corp.	0.74
Rappebedgower WorldWide 	0.26
Varjubommistor Direct Group	0.33
Inquestedgentor  	0.02
Rapvenefentor  Corp.	0.30
Grovenimax Direct 	0.42
Barvenadower Holdings 	0.76
Winwerpazz Direct 	0.59
Doptanonantor WorldWide 	0.16
Monwerexan International Corp.	0.79
Monrobinistor  	0.73
Zeefropicator Direct 	0.03
Supfropefex Holdings Company	0.30
Thruvenan International 	0.32
Qwikilentor  	0.25
Froerin Holdings 	0.29
Klitumaman  Group	0.50
Doptaninin Holdings Inc	0.21
Emmunantor  	0.34
Uppickin  	0.83
Parpickor  	0.33
Survenilex WorldWide 	0.72
Lomdimin International Company	0.55
Intinicistor WorldWide 	0.13
Unrobexower  Corp.	0.44
Bartaneficator WorldWide 	0.03
Emzapar Holdings Corp.	0.16
Supwerpommover International Corp.	0.09
Klifropedin International 	0.18
Adtumommin  Inc	0.63
Winsapplover  	0.05
Supbanegor Holdings 	0.84
Sursipackistor WorldWide 	0.21
Monbanegor  Group	0.74
Winsipicator  Inc	0.29
Supbanor  	0.61
Adcadackor Direct Company	0.57
Emtumax Direct Inc	0.18
Surerepin Direct Corp.	0.85
Unweropax Direct 	0.39
Tuptumar International 	0.15
Grovenicator  	0.32
Surquestamor  Corp.	0.78
Supdudex International Inc	0.11
Klidudentor Direct 	0.45
Lomwerpower  	0.90
Emtanollistor  	0.28
Endpebazz Direct Group	0.02
Klisapackistor  	0.69
Cipsipentor WorldWide 	0.06
Frojubicator  	0.46
Unquestor Direct Inc	0.33
Cipfropefar  	0.07
Haptumor Holdings Corp.	0.38
Tuppickin  Corp.	0.73
Thruvenimentor WorldWide 	0.01
Undudupar  Inc	0.70
Adwerax  	0.20
Reerommin Holdings 	0.58
Endmunistor WorldWide 	0.27
Unmunimax  Group	0.26
Gromunazz International 	0.67
Winquestonin Direct Group	0.40
Tipbanan International 	0.52
Tupdudower  	0.74
Parnipimax WorldWide 	0.03
Tipsapower Direct Inc	0.81
Parmunexower  	0.33
Klizapin  	0.32
Rewerpan WorldWide Company	0.33
Klidudazz International 	0.72
Adquestower Direct Company	0.32
Hapmunentor Holdings 	0.35
Adwerower International Inc	0.00
Varkilepover Direct 	0.41
Retumicower  	0.89
Frobanan Holdings Group	0.00
Retinomman International Corp.	0.80
Recadin  Group	0.44
Qwirobicator Holdings 	0.67
Klidudackazz  Group	0.00
Barpickamentor  	0.53
Updudentor  	0.74
Frodudollazz  Corp.	0.13
Groericator WorldWide Inc	0.39
Thrurobicar WorldWide 	0.11
Winvenonar International 	0.17
Hapsipaquentor Direct 	0.71
Inrobicator Holdings Group	0.85
Tupericover Holdings 	0.82
Raprobaquicator  Company	0.05
Partanommentor  	0.77
Vartumackicator  Company	0.82
Repebilover  	0.37
Cippickower Holdings 	0.59
Suprobower Direct Group	0.58
Rapnipegex International 	0.12
Unwerpimazz Direct 	0.26
Embanicower Holdings 	0.87
Upquestanan  Company	0.39
Barpickommantor Direct 	0.37
Happebantor  	0.42
Adpickar International 	0.09
Qwidimilicator  	0.10
Raphupentor Direct 	0.69
Unsipexar WorldWide 	0.36
Doperin  	0.34
Monglibantor WorldWide Group	0.13
Varsapower WorldWide 	0.59
Thrutinepin Holdings Company	0.12
Emdimar Direct 	0.49
Parsipentor Holdings 	0.90
Cipfropex International 	0.00
Cipnipefistor International 	0.00
Hapwerommin  Group	0.21
Qwicadistor Direct 	0.26
Kliericator International 	0.52
Admunin WorldWide Corp.	0.05
Sursipackar WorldWide Company	0.52
Rapvenex Direct Corp.	0.13
Frorobex Holdings Group	0.28
Zeesipar  	0.28
Surpickazz Holdings Corp.	0.35
Adjubilex Holdings Corp.	0.02
Inquestaquover WorldWide 	0.18
Tiperefex  	0.87
Grotumentor International 	0.28
Truzapentor Holdings 	0.35
Upsapexan  Group	0.42
Uptumex International 	0.34
Growerex  	0.72
Parnipaquistor WorldWide 	0.76
Monquestewazz  	0.82
Grohupicator Direct 	0.62
Inpebax Direct 	0.08
Barsipicar Holdings Inc	0.40
Rekilantor  Group	0.06
Winfropanover International 	0.24
Grosipamor  	0.00
Varwerpewax Holdings 	0.44
Parjuban Holdings 	0.80
Kliwerpor International Company	0.43
Endmunicator  	0.02
Vartanover  	0.77
Tippickopin Direct 	0.03
Surtinazz  Inc	0.73
Trujubicator  Company	0.72
Dopnipedower International 	0.33
Thrumunollover WorldWide 	0.14
Dopdimaquor Holdings Company	0.75
Lomtanover Holdings 	0.64
Supmunor  Group	0.84
Suppebazz  	0.54
Lombanedgan  	0.06
Pardudaquower  Group	0.75
Suphupegover WorldWide 	0.26
Zeetanex International 	0.62
Barcadicantor  Group	0.04
Emtinistor WorldWide Inc	0.34
Cipbanower Direct Company	0.23
Fropebex WorldWide 	0.00
Cippebimicator  Corp.	0.10
Monjubistor International Company	0.65
Supericator WorldWide Company	0.34
Zeezapefin  	0.83
Parbanewicator Holdings 	0.66
Grovenexar Holdings Corp.	0.41
Barquestollicator  	0.21
Emvenanor WorldWide 	0.30
Frodimex Holdings 	0.86
Surwerantor International Company	0.82
Monwerpistor Direct Company	0.80
Upsipazz Holdings Inc	0.19
Intanepin International 	0.27
Unnipicator  Corp.	0.60
Winmunilan  	0.71
Surericator Holdings 	0.69
Barerepin  Company	0.25
Lomjubedgistor  Inc	0.51
Unpebewin Direct Corp.	0.31
Tupfropantor  	0.28
Rehupegazz  	0.46
Barcadantor Direct 	0.65
Rehupommantor Holdings Corp.	0.14
Supkilonex  	0.59
Endpickower  Group	0.77
Winpickentor WorldWide Group	0.50
Barpickinicator  	0.18
Dophupan International Company	0.69
Emmunex  Inc	0.83
Thrutinamicator  Group	0.65
Tupcadover WorldWide Corp.	0.45
Surquestackex  	0.36
Uptinover  	0.72
Raptinefazz  	0.01
Emquestantor WorldWide 	0.34
Adtumower International 	0.14
Adzapex Direct Group	0.08
Thrujubewex  	0.08
Supsipplower  	0.77
Tipsapazz  	0.62
Upmunicin WorldWide 	0.52
Hapweristor Holdings Corp.	0.41
Bareredgantor Holdings Group	0.46
Adnipover Holdings 	0.31
Zeebanaquar  	0.84
Tupvenin Direct Inc	0.45
Cipcadollan International 	0.56
Rappickover WorldWide Company	0.39
Tuppickor  	0.34
Barpickover International 	0.29
Rapvenegover International Group	0.71
Doptumistor WorldWide Company	0.11
Qwitumegentor Direct Inc	0.72
Qwipickan International Corp.	0.06
Varvenower Direct 	0.77
Haptanackower International 	0.44
Adkililar Holdings Company	0.51
Gromunommentor Holdings Company	0.75
Intinicower  	0.17
Inquestan  	0.49
Suptanantor  Group	0.22
Surzapommer Direct 	0.51
Partumax Direct Group	0.47
Cipnipollistor  	0.21
Parvenollazz WorldWide Group	0.37
Parpickin International 	0.44
Indudan International 	0.47
Zeeerommower  Company	0.26
Zeesipommer Direct 	0.26
Qwicadplentor Holdings 	0.57
Cipmunonover Holdings 	0.61
Haphupistor Holdings 	0.17
Adwerponantor  Inc	0.73
Montanex International 	0.68
Rehupex  	0.76
Varpickefentor WorldWide 	0.04
Endbanilentor Direct 	0.19
Montanaman Holdings 	0.82
Ciptinefar  Inc	0.64
Klivenin  	0.31
Parquestan WorldWide 	0.34
Dopquestimentor Direct 	0.24
Hapvenantor International Company	0.34
Upfropadar WorldWide Company	0.53
Zeefropex International Company	0.55
Cippebentor WorldWide 	0.34
Barbanupantor WorldWide 	0.64
Hapweran International 	0.65
Tuppebax International 	0.23
Zeebanefistor  Inc	0.90
Trupebin Holdings Group	0.62
Indimplover  Inc	0.33
Frofropar WorldWide Inc	0.90
Tipdudonan WorldWide 	0.28
Emtanegar International 	0.39
Endmunewicator  Group	0.00
Parpickicentor  Inc	0.83
Emvenazz Holdings 	0.24
Trurobax Direct Company	0.70
Cipquestonax Holdings 	0.50
Monhupinor Direct Inc	0.11
Winpickower  	0.29
Grofropistor Direct Company	0.67
Adwericower Direct Inc	0.77
Inmunopax Holdings Inc	0.67
Upwerpentor WorldWide 	0.54
Kliwerimazz Holdings Group	0.37
Parfropicator International 	0.03
Dophupentor Direct Company	0.29
Truzapar Holdings Corp.	0.73
Inkilazz  Corp.	0.24
Thruquestistor Holdings Inc	0.69
Endcadan  	0.10
Winwerpadower International Company	0.86
Undudower WorldWide 	0.54
Lomdimewax Direct 	0.26
Barnipimax  Inc	0.16
Thrukilopor International 	0.08
Endrobover  Corp.	0.28
Doptanin Direct Group	0.03
Klipickan WorldWide Company	0.80
Rerobower WorldWide Inc	0.81
Varwerilicator  	0.03
Adsapedex WorldWide Company	0.36
Growerpicator Holdings 	0.49
Mondudower WorldWide 	0.28
Unpickex Direct 	0.26
Rapfropistor Direct 	0.45
Raprobower International 	0.29
Upglibistor WorldWide Company	0.75
Uprobax International Group	0.09
Varwerinazz  	0.44
Rappebor International Group	0.87
Unwerpedgower  Inc	0.13
Endbanar WorldWide 	0.32
Qwibanonin Direct 	0.64
Zeetanar International Group	0.57
Trucadollan  Inc	0.57
Varbanaquower Direct Corp.	0.85
Endcadantor Direct 	0.38
Upcadupower Direct 	0.70
Qwiglibplicator WorldWide Corp.	0.60
Supdimommer Direct Corp.	0.36
Unnipplentor International 	0.49
Rewerpackin Holdings Corp.	0.65
Endbanepistor  	0.41
Montinor International Group	0.22
Qwivenepax Holdings 	0.04
Endgliban  	0.73
Reweror Holdings Company	0.41
Inbanewor International Corp.	0.84
Qwizapepan WorldWide Corp.	0.00
Emfropicator International Corp.	0.84
Haptanazz International 	0.27
Unmunador  Corp.	0.70
Endquestistor Direct 	0.17
Cipmunax  	0.25
Winnipazz International Group	0.30
Klinipar International Company	0.83
Thrutinanicator Holdings 	0.39
Groquestackax Holdings Group	0.27
Grovenover  	0.62
Adwerpaquover Holdings 	0.74
Trutumefentor International 	0.54
Klitanplex Direct Company	0.63
Grosapantor Direct 	0.29
Uncadollicator Direct 	0.82
Hapdimamex WorldWide 	0.47
Dopzapentor  Company	0.53
Supquestollazz Holdings Corp.	0.90
Surquestilistor  Corp.	0.40
Parpebantor Holdings 	0.59
Emmunupar  Inc	0.07
Unzapistor International Company	0.89
Klifropover International 	0.06
Intanazz Direct Company	0.19
Endzapplin International Inc	0.45
Tupfropazz Holdings Corp.	0.54
Lomdudex WorldWide 	0.70
Tiprobex  	0.00
Cippebistor International 	0.05
Hapvenicator Direct 	0.22
Thrutanax  	0.71
Parvenistor Direct Inc	0.87
Cipwerpeficator  	0.53
Bartinanor  	0.08
Rapvenamower International 	0.32
Zeemuninower WorldWide 	0.00
Mondimaquan Direct 	0.43
Unsipedgex WorldWide Corp.	0.15
Tippebantor WorldWide 	0.38
Tiptananover Holdings Company	0.27
Qwitanex WorldWide 	0.74
Adtanazz  Group	0.45
Wintumower  	0.11
Rehupamantor  Inc	0.04
Zeedimantor International 	0.85
Dopvenonazz WorldWide 	0.81
Zeewerpistor Holdings 	0.85
Tupdimazz Direct 	0.36
Cipsapantor Direct 	0.11
Groerexower WorldWide 	0.25
Varfropan Holdings 	0.00
Grorobiman  	0.51
Hapquestover Direct 	0.83
Tiphupantor WorldWide Inc	0.01
Monfropor  	0.24
Trubanilex  	0.85
Emtanor International Corp.	0.06
Emsapower  Corp.	0.85
Thrunipexentor  	0.50
Dopsipedgax  	0.72
Tiperimor International 	0.71
Barpickonax  Inc	0.60
Dopglibefazz  Company	0.82
Lomwerpar WorldWide Inc	0.34
Emdudistor  	0.05
Requestonan Direct Corp.	0.20
Parsapomman  	0.87
Trusapicator  	0.63
Adtanollor  Corp.	0.54
Ciptumedgicator  Inc	0.31
Parfropplower WorldWide Group	0.86
Monsipan Holdings Inc	0.53
Grojubinentor Direct Group	0.37
Varquestan International 	0.00
Endpebazz Holdings Group	0.51
Qwiglibover International 	0.12
Monkilower Direct 	0.85
Grotanex International Inc	0.61
Dopcadegax Holdings 	0.78
Upnipexax International 	0.01
Bartumplentor  	0.34
Hapcadinazz Holdings Inc	0.63
Winrobupex WorldWide 	0.68
Supbanefower Holdings Corp.	0.00
Injuban  	0.34
Tupfropilower WorldWide 	0.89
Thrutanower  	0.80
Surtanegower  	0.70
Tuppickplax Holdings 	0.87
Trubanantor WorldWide 	0.85
Lomdiman WorldWide Corp.	0.66
Montanar Holdings Company	0.15
Parquestantor Holdings Group	0.67
Varerefin WorldWide 	0.10
Ciptanex  	0.77
Emtanopex Holdings 	0.43
Grosapover Holdings 	0.67
Emdimazz  Group	0.67
Sursipicator  Group	0.05
Tuprobollicator WorldWide 	0.11
Raperewex Holdings 	0.06
Tipdimex  Inc	0.84
Haprobicator  	0.66
Fropebepantor  Inc	0.18
Tipweran Holdings 	0.30
Lombanazz  	0.05
Lomhupax Direct 	0.24
Unzapicicator Holdings 	0.72
Grosapinower Direct Group	0.13
Qwicadedistor Direct Group	0.32
Adsapantor Direct Corp.	0.88
Monrobor Direct 	0.39
Fromunar WorldWide Group	0.31
Varwerpazz Direct 	0.28
Monnipar  	0.83
Partanommower  	0.16
Cipweraquentor  	0.08
Barvenackax Direct Company	0.03
Frowerupar  	0.25
Thrufropover  Group	0.43
Parjubax Holdings 	0.53
Sursipedower  Inc	0.34
Tupmunedgantor  Inc	0.32
Retanower International Inc	0.02
Barwerackazz WorldWide Group	0.17
Varhupilor Holdings 	0.39
Grofropedgax WorldWide 	0.39
Lomjubplower  	0.76
Lombanazz International 	0.59
Inweristor WorldWide 	0.47
Unglibamex  	0.83
Dopmunazz  	0.45
Happebegower  	0.05
Rapdimonazz Direct Inc	0.49
Frosipazz International Company	0.71
Tippebex International 	0.17
Rebanupex Holdings Group	0.00
Surzapefax WorldWide 	0.35
Klitumopicator  	0.44
Trujubupantor Holdings 	0.37
Sursapplex WorldWide 	0.29
Superistor  Corp.	0.64
Uphupentor Holdings 	0.08
Adcadimin International 	0.57
Trueregentor Holdings Group	0.55
Parrobollazz  	0.63
Klisapor International 	0.26
Barnipentor  	0.83
Barnipor Holdings Inc	0.62
Unrobomman WorldWide 	0.26
Dopbanollentor Holdings 	0.77
Monpebinin WorldWide 	0.34
Grokilower Direct Group	0.63
Bartumopover Direct Inc	0.41
Varnipantor Holdings 	0.28
Parveninor Direct Corp.	0.58
Upbanollar  	0.71
Tiptumin  Company	0.51
Endhupover Direct 	0.44
Qwidudax  Company	0.21
Emsipimax Holdings 	0.43
Surtanover Direct Group	0.65
Endtinan  	0.48
Thrucadedor Direct 	0.12
Vartinax International Corp.	0.18
Klisipadower  Corp.	0.48
Tupdimonentor  	0.43
Barsapover Direct 	0.45
Uprobantor  	0.82
Thruglibonazz International Group	0.56
Doptanex International Company	0.66
Unwerinan Direct 	0.00
Adkilicator WorldWide Company	0.80
Klibanicex International Inc	0.64
Parnipan Holdings 	0.66
Bartumanar Direct 	0.00
Grosapax  Company	0.84
Resapollower Holdings 	0.28
Tipvenefar  	0.45
Tuperepan WorldWide 	0.76
Adtumegax  	0.77
Emwericator WorldWide Company	0.05
Lomtanar International 	0.69
Supjubopistor Holdings Group	0.55
Dopzapicex Holdings Group	0.76
Emwerpicator  Inc	0.49
Monbanentor International Corp.	0.82
Frotumar Direct 	0.60
Haphupin Holdings Corp.	0.19
Surjubar  Company	0.04
Rapsipupor International Company	0.21
Monhupamar  Inc	0.34
Varsipazz Direct 	0.00
Truzapicar Direct Corp.	0.00
Upjubazz Direct Company	0.65
Klikilollex Holdings 	0.39
Supsapedicator Holdings 	0.22
Empickadin  	0.45
Winjubentor Direct Group	0.64
Rapkilantor International Group	0.15
Rejubover Holdings 	0.18
Haptanepicator  Group	0.38
Qwieristor  Company	0.06
Partinedin  	0.53
Tipnipover Direct 	0.81
Supfropan Direct 	0.01
Varcadilax Direct 	0.05
Thrutanazz  Company	0.60
Barjubentor  Corp.	0.76
Tupmunanover Holdings Group	0.70
Unquestower  	0.55
Trupebistor  Inc	0.45
Unquestistor WorldWide 	0.70
Retanar  	0.12
Klitinilantor WorldWide Inc	0.49
Unvenistor WorldWide 	0.73
Klieregower WorldWide 	0.90
Upquestistor Holdings 	0.52
Trusipplex International 	0.35
Supsapentor  	0.88
Sursipewentor  	0.80
Upkilicex Holdings Inc	0.29
Bartanefin International 	0.58
Unglibicator  Corp.	0.29
Inbanower Holdings 	0.39
Parpebican Direct 	0.51
Parcadimower  Group	0.90
Parjuban WorldWide Corp.	0.56
Fropebollax WorldWide Group	0.00
Suppickantor Holdings 	0.40
Partinazz  	0.41
Zeeglibadar Holdings Corp.	0.20
Dopwerpin  	0.31
Grohupefantor International Company	0.12
Inwerepor  Company	0.49
Varkilamover WorldWide 	0.37
Varfropazz Direct Group	0.71
Klijubower  	0.52
Monpebistor International 	0.88
Uppebor  Company	0.54
Truwerupex International Corp.	0.71
Tupnipower WorldWide 	0.88
Bartumentor International 	0.85
Endjubupover International Company	0.90
Inrobadan Direct 	0.21
Uptumistor WorldWide 	0.58
Klibanedgor Holdings 	0.24
Endwerpentor International 	0.79
Enderor WorldWide 	0.04
Lomfropor  	0.73
Varzapicator Direct Corp.	0.49
Tupvenax Direct 	0.70
Dopcadefentor WorldWide 	0.10
Tupsipimower International Inc	0.75
Supsapommantor WorldWide Inc	0.16
Recadedin Direct 	0.66
Raphupan  Corp.	0.80
Lommuniman  Inc	0.77
Unjubar International Group	0.13
Intanaquistor Direct Inc	0.29
Cipmunackex International 	0.10
Zeewerpicator Direct 	0.49
Retumanentor  Inc	0.60
Pardudewistor International 	0.56
Unsipedover WorldWide 	0.28
Supfropan Holdings 	0.77
Suprobepan  Inc	0.13
Endglibedin International 	0.58
Rehupower WorldWide Inc	0.62
Montanilax International Corp.	0.57
Insipexicator WorldWide Corp.	0.02
Qwizapaquan  Inc	0.37
Qwidudentor International 	0.63
Barvenar  Inc	0.00
Upkilin  Corp.	0.80
Adquestin International 	0.17
Uptumin International Inc	0.10
Monquestazz  	0.43
Parhupar  	0.67
Hapglibadantor  	0.07
Parquestin International 	0.80
Klitumplor Direct Inc	0.26
Haphupentor  Company	0.11
Hapjubex  Inc	0.51
Hapzapedan Holdings Corp.	0.08
Inweradazz International Company	0.90
Frotinaquar Direct Group	0.70
Monhupefantor WorldWide 	0.10
Rezapupar Direct Company	0.56
Cipnipax  	0.37
Suptumax Holdings 	0.83
Emjubex International Corp.	0.57
Lomnipover  	0.54
Truhupar Direct 	0.38
Suptanan  Corp.	0.58
Bartinistor WorldWide 	0.43
Inkilex  	0.22
Surdudimor  	0.28
Thrusapentor WorldWide 	0.29
Montanewor  Inc	0.61
Unquestewan Direct 	0.44
Uphupentor Direct 	0.44
Qwierover  	0.65
Dopsipplentor  Corp.	0.00
Growerex Holdings 	0.17
Tupnipopar  	0.47
Tupquestentor  	0.89
Zeebanar  	0.12
Grodimefantor  	0.06
Dopjubimex International 	0.29
Emglibistor WorldWide Group	0.58
Cipwerpower WorldWide Company	0.05
Truwerentor WorldWide Corp.	0.22
Advenupex Direct Company	0.13
Adtumentor Direct 	0.70
Monjubin  	0.33
Tipzapover International 	0.02
Renipicator WorldWide 	0.67
Unpickewex  	0.86
Parsapax WorldWide 	0.52
Zeedimefantor International Company	0.65
Rapsipin Direct Inc	0.58
Rapweregicator International 	0.67
Adniponan  Corp.	0.57
Vartanicator  Group	0.61
Surkilimentor  Company	0.78
Rerobex  	0.00
Thrukilicex  	0.07
Inglibentor WorldWide 	0.49
Qwiwerpistor WorldWide 	0.04
Tipjubepover  	0.37
Unpebaquover Holdings 	0.75
Raptanonan  	0.82
Zeejubomman  	0.13
Endsipepazz Direct 	0.05
Trutumegantor WorldWide 	0.62
Vartumadax Direct Group	0.35
Zeetanazz International 	0.60
Ciptumeficator  Corp.	0.50
Qwierentor Direct 	0.04
Uppickentor  	0.18
Zeetanazz  	0.78
Dophupewex International 	0.63
Trujubax  Corp.	0.80
Monpebefazz WorldWide 	0.24
Winbanin Holdings Inc	0.62
Winhupex Holdings Company	0.61
Cipvenar Holdings Group	0.43
Cipjubaquistor  	0.24
Qwikilexin WorldWide 	0.05
Happickicator Direct 	0.55
Unmunexover Holdings 	0.43
Raphupinower  	0.24
Tupvenonax  	0.76
Unpickazz WorldWide 	0.63
Zeewerar Holdings 	0.03
Montanonor Direct Corp.	0.76
Thrupebinan Holdings 	0.87
Trudiminower  	0.04
Uneran International 	0.38
Remunopin  	0.47
Bartanollover WorldWide 	0.81
Monhupepower Direct Company	0.13
Supnipegistor Direct 	0.02
Truvenopantor  	0.57
Varbanower International 	0.62
Thrududover Direct Company	0.22
Qwicadegazz Holdings Group	0.08
Barquestan  Inc	0.07
Raptumedower  Inc	0.07
Adsipistor Direct 	0.07
Resapan  Company	0.41
Parsipicator  Company	0.05
Uppickax Holdings Inc	0.44
Supcadantor  Group	0.33
Zeepickimar WorldWide Corp.	0.87
Zeetinexower International 	0.20
Barsipicator WorldWide 	0.86
Barrobax  	0.59
Parquestor  Corp.	0.70
Barpebefentor Holdings Group	0.17
Endhupopor International 	0.56
Barglibedgover  	0.83
Tipbanin International 	0.58
Rapdudackower Holdings Group	0.49
Tupkilexower Direct 	0.50
Tipfropilentor Direct Corp.	0.70
Unroban Holdings Company	0.05
Qwigliban Direct 	0.50
Barnipistor  	0.02
Frowerpexentor Direct 	0.85
Upwerpanex Direct Inc	0.48
